#{"t_start": 1760875030.7407212, "env_id": "BipedalWalker-v3"}
r,l,t-115.938884,41,0.056942
-119.794705,89,0.10847
-126.721358,48,0.13696
-110.847734,77,0.181867
-112.703053,65,0.222803
-109.912452,79,0.272871
-118.981669,119,0.343823
-140.248995,235,0.47914
-127.095286,48,0.507645
-127.37371,48,0.536339
-114.363048,117,0.60435
-109.729895,83,0.652605
-112.941881,96,0.707528
-109.889354,80,0.754542
-108.585466,81,0.802075
-111.063918,89,0.853354
-107.794283,86,0.903517
