#{"t_start": 1760875032.5508907, "env_id": "BipedalWalker-v3"}
r,l,t
-94.922586,89,2.818039
-94.515905,99,2.88202
-94.276007,104,2.950094
-95.087924,95,3.013776
-93.768245,99,3.07864
31878
-93.916874,91,0.558906
-117.304046,75,0.581562
-86.076511,1600,1.03227
-112.272089,61,1.051617
-91.213315,1600,1.491647
-119.42532,92,1.519599
-80.104624,1600,1.947013
-76.642985,1600,2.375688
