time/fps,time/time_elapsed,rollout/ep_len_mean,time/episodes,time/total_timesteps,rollout/ep_rew_mean,eval/mean_reward,eval/mean_ep_length
3579,0,447.5,4,1790,-99.53705875,,
3541,1,453.75,8,3630,-99.53206349999999,,
3599,1,581.9166666666666,12,6983,-99.93932133333334,,
,,,,10000,,-94.51413339999999,97.2
