#{"t_start": 1760875031.6690762, "env_id": "BipedalWalker-v3"}
r,l,t
-108.328718,37,0.03951
-110.838366,114,0.102899
-108.453431,53,0.133694
-109.159026,49,0.162393
-125.155311,163,0.255176
-107.892817,51,0.284679
-109.189641,51,0.314748
-120.000908,120,0.38141
-112.990069,110,0.442579
-114.356921,82,0.488599
-114.471365,117,0.554719
-110.812902,82,0.603778
-110.006423,121,0.673093
-106.084178,94,0.725698
-110.044025,167,0.819478
-107.98999,89,0.86932
